Country,Code,GDP_1995_Billion,GDP_2024_Billion,Growth_Percent,Rank_Current,Rank_1995,x_pos,y_pos,GDP_1995_Log,GDP_Latest_Log,Scale_1995,Scale_Latest,Linear_Scale_1995,Linear_Scale_Latest,Region,Share_1995,Share_2024,Share_Rank_1995,Share_Rank_2024
United States,USA,11106.6739207431,22679.4899695556,104.19695519464942,1,1,0.15,0.7,4.045623122023436,4.3556524324420245,10.0,10.0,10.0,10.0,North America,28.683342617321344,24.584427990864032,1,1
China,CHN,1861.73507114811,18488.114837769303,893.0583101906061,2,5,0.8,0.65,3.270151091439384,4.266916119905832,8.08263473508312,9.796333400178922,4.09417996925202,9.028792521717117,East Asia,4.807990699059935,20.04100306162531,5,2
Japan,JPN,3785.63626336193,4605.0545268919805,21.645456840651267,3,2,0.9,0.68,3.5782535896728147,3.663329074876179,8.844422400979942,8.410987112467199,5.838179326884644,4.506099182466109,East Asia,9.776527405182112,4.991850855656464,2,3
Germany,DEU,2612.94578418934,3683.55954524029,40.97343953820709,4,3,0.52,0.78,3.417296575642544,3.566385579439437,8.446453969270104,8.188483477528361,4.850351230709281,4.030112833491828,Western Europe,6.748016526208936,3.992955948814674,3,4
India,IND,596.058814154216,3477.47626413411,483.4115999221507,5,14,0.75,0.55,2.776017114051536,3.541389044235066,6.860881677471079,8.131111707315284,2.3166079712938674,3.915754406749544,South Asia,1.5393410582198637,3.7695629363934535,14,5
United Kingdom,GBR,1915.28328978235,3271.96695594246,70.83462135328719,6,4,0.48,0.8,3.2824597125164168,3.514941620668746,8.113067970043705,8.070409874234455,4.152642065501146,3.798287311271678,Western Europe,4.946280695920703,3.546792107090325,4,6
France,FRA,1749.3003444797,2702.3850113175,54.48376374277106,7,6,0.5,0.75,3.243112578262437,3.431907901556417,8.015781639244926,7.87983180355782,3.9686260613459874,3.451890175808103,Western Europe,4.517624401271019,2.92936877343839,6,7
Italy,ITA,1671.69550721402,2029.01287528216,21.3745485661818,8,7,0.52,0.7,3.2234168904111358,3.307498792418761,7.967083780050326,7.594289396840149,3.879596660292016,2.9910643709811446,Western Europe,4.317207413076588,2.1994375090388187,7,8
Brazil,BRA,1066.85884029813,2027.67647971469,90.06042815824283,9,8,0.35,0.25,3.028513847326113,3.307212794062739,7.485183324457667,7.593632976587147,3.0992846783951107,2.990079186603423,South America,2.7551972677831156,2.1979888644423187,8,9
Canada,CAN,955.122057479248,1833.28462168446,91.94244414403462,10,9,0.15,0.85,2.9805133373661006,3.263466725028869,7.3665014031686304,7.493227484393266,2.932495987388485,2.843140395619005,North America,2.4666334324331367,1.9872692829098555,9,10
Australia,AUS,707.786283507272,1665.257959985,135.2769471221168,11,13,0.9,0.2,2.850515304456389,3.2217422371221733,7.045079478227152,7.397461902768873,2.524405165512827,2.7097181313901704,Oceania,1.8278808412448038,1.8051294124524164,13,11
Russian Federation,RUS,721.4989660707259,1612.34487526436,123.47154342370987,12,12,0.5,0.5,2.8588372299336378,3.2077272138952204,7.065655553466495,7.365294776983893,2.54874182441315,2.6663203600171403,Other,1.8632942849973508,1.747771953231099,12,12
Spain,ESP,803.136997375095,1424.80563660196,77.40505558312893,13,10,0.47,0.7,2.905330043941995,3.1540603272659378,7.180609675771494,7.242119134336908,2.689074320969602,2.50646226380399,Western Europe,2.0741271265137926,1.54448056905331,10,13
Mexico,MEX,724.23195330577,1349.63327463814,86.3537321817567,14,11,0.12,0.55,2.860476930611916,3.130537444935267,7.069709735953289,7.188129675846337,2.5535644889542257,2.439446212154767,North America,1.8703523124312105,1.4629941898585617,11,14
Turkiye,TUR,338.182356112358,1295.42312085221,283.0546146002418,15,19,0.5,0.5,2.530433252657967,3.112746767785189,6.253672201320727,7.147296711075651,1.7449519076435391,2.389952008856054,Other,0.8733668114076353,1.4042307157278437,19,15
Indonesia,IDN,380.895160093945,1238.23635013656,225.0858713539857,16,17,0.85,0.45,2.5819441544251327,3.0931541439636976,6.38103361465052,7.102327938301043,1.851870938342028,2.336604091165985,Southeast Asia,0.9836740014352666,1.3422406071065212,17,16
Heavily indebted poor countries (HIPC),HPC,268.183987199674,963.576544877918,259.296822654999,17,22,0.5,0.5,2.430049221682475,2.984336697194053,6.00547130360455,6.8525713420288525,1.5539048093220234,2.061230063723161,Other,0.6925937723768976,1.0445110632133372,22,17
Netherlands,NLD,524.315389158098,926.182265714104,76.64601971750062,18,15,0.51,0.8,2.720420123682504,2.967165116251309,6.723417353854901,6.813159320003094,2.172722649097829,2.0208384135382023,Western Europe,1.3540613557285108,1.0039758940094832,15,18
Switzerland,CHE,473.591186765463,811.109937475131,71.26795433311509,19,16,0.515,0.75,2.676319669037945,2.909614824816247,6.614378372992063,6.681070529740249,2.064951211639643,1.8911379913160908,Western Europe,1.2230644716387549,0.8792381961542991,16,19
Poland,POL,218.906804615997,657.41374187558,200.31672292179547,20,26,0.55,0.78,2.3422386680213485,2.8184988865396554,5.788358501539776,6.471942239326652,1.403904674153744,1.7025612594465738,Eastern Europe,0.565333863483368,0.7126324630333547,26,20
Sweden,SWE,309.506914356081,580.446460657157,87.53909322664303,21,21,0.54,0.85,2.4920712754731715,2.764509731254255,6.1588216849297455,6.348026929236378,1.6693337233485792,1.599795393246566,Western Europe,0.7993115608017631,0.6292004023782456,21,21
Argentina,ARG,348.389357874283,578.834679333011,66.14591297070693,22,18,0.32,0.1,2.543309672579189,2.763304186514944,6.285509326735607,6.3452599763287125,1.7710891778039208,1.5975726965743573,South America,0.8997267217392165,0.6274532413109695,18,22
Nigeria,NGA,154.601400725054,569.515294271134,268.37654225654177,23,32,0.5,0.47,2.192013502193667,2.7562672913984505,5.416924712164499,6.329108972746168,1.1798171405558682,1.584659847950298,Sub-Saharan Africa,0.39926308972054736,0.6173510850772799,32,23
Belgium,BEL,319.396952810439,532.530656429071,66.73003663410842,24,20,0.505,0.78,2.5056883770005123,2.727159378841027,6.1924901558063885,6.262300814856557,1.6957950896925773,1.532341858407278,Western Europe,0.8248529031972599,0.5772599645530998,20,24
"Iran, Islamic Rep.",IRN,217.232542412204,529.1384743672991,143.58158703646063,25,27,0.5,0.5,2.338919512229654,2.724389323937933,5.780151843178352,6.255943015582435,1.3985256359345932,1.5274536076884726,Other,0.5610100274938251,0.5735828600087967,27,25
Ireland,IRL,103.488966795566,492.370629886028,375.7711330316651,26,43,0.46,0.82,2.01907043482243,2.6931732925836296,4.989320598659534,6.184296326824143,0.9652837934811066,1.4734297273619723,Western Europe,0.2672635852004205,0.5337267421577122,43,26
Thailand,THA,213.636116013334,471.105678432118,120.51780720574143,27,28,0.8,0.52,2.3317028008806244,2.6740392241061195,5.762308425077071,6.140380025186426,1.386900568032639,1.4412606440346063,Southeast Asia,0.5517221406491319,0.5106756652397724,28,27
Philippines,PHL,119.491847401125,454.721721977445,280.5462312846992,28,37,0.87,0.52,2.080957663106048,2.6586997297237858,5.1423376220634855,6.105172987903349,1.0372349139543522,1.4159770310866138,Southeast Asia,0.30859153905491027,0.4929155569566471,37,28
Norway,NOR,254.491639971383,443.943701526195,74.44333400347276,29,24,0.52,0.88,2.4073766940061634,2.6483050634230048,5.949413166985895,6.08131526516001,1.5137172126003164,1.399095331930293,Western Europe,0.6572328452814413,0.4812322489094421,24,29
Malaysia,MYS,117.335045630591,422.011432356573,259.6635856649365,30,39,0.82,0.48,2.0731133825822217,2.626352104827245,5.122942530543137,6.030929078204273,1.0278313557586922,1.3640976674193914,Southeast Asia,0.30302152911464064,0.45745780368159006,39,30
Austria,AUT,267.089386116812,418.190370366673,56.57318939052736,31,23,0.53,0.75,2.4282796202411903,2.6224112974855656,6.00109593969399,6.021884180925016,1.5507304120911556,1.3579080791321194,Western Europe,0.6897669298754369,0.45331579592632637,23,31
Israel,ISR,144.4512789454,417.38042431647,188.94200685771176,32,35,0.59,0.62,2.162717544328268,2.621571356045104,5.344490053275153,6.019956356651749,1.1404301354137898,1.356592451830536,Middle East,0.3730500737725765,0.45243781937683475,35,32
Pakistan,PAK,138.480552374263,413.006704003368,198.2416642065088,33,36,0.72,0.58,2.144513658610874,2.617007373700841,5.299480695381535,6.009481155021972,1.11661223641585,1.3494658815931115,South Asia,0.3576304803698732,0.44769673338971705,36,33
Singapore,SGP,107.074136708308,408.736675576891,281.73240349382775,34,40,0.83,0.47,2.033721775093355,2.612504839441999,5.025546239059215,5.999146988355961,0.9818616103432056,1.3424717711569056,Southeast Asia,0.27652240180765286,0.44306804877156275,40,34
Viet Nam,VNM,66.8353624824846,405.74287562791903,507.0781403097069,35,50,0.5,0.5,1.831456150022396,2.6093199547187207,4.525441698208565,5.991837076281942,0.7757309926148892,1.3375462546609576,Other,0.17260447319495162,0.43982278799350505,50,35
Denmark,DNK,226.754355587313,377.924893185309,66.66709321038246,36,25,0.525,0.82,2.357466691196947,2.5785531368608985,5.82600999835553,5.9212214173558255,1.428847265873274,1.290880699932683,Western Europe,0.5856004162626621,0.40966826568592657,25,36
Colombia,COL,150.01178449779198,363.510345114581,142.32119251933267,37,34,0.22,0.45,2.17901083962869,2.5617098584768234,5.384775450076033,5.88256291171953,1.1621727224742464,1.266023437280097,South America,0.38741025820068886,0.39404298400889753,34,37
Bangladesh,BGD,65.9506556933725,336.93292792221,410.88639586652215,38,51,0.78,0.57,1.8257548347105228,2.528830511153952,4.511345117658663,5.807098598608095,0.7705796719255341,1.218863540053766,South Asia,0.17031968945779885,0.36523322682184917,51,38
"Hong Kong SAR, China",HKG,157.71978257690398,336.511889872948,113.36060979469408,39,31,0.5,0.5,2.200631059890021,2.528289076767806,5.438231742133023,5.80585590441334,1.1916564664975218,1.218101743999754,Other,0.4073164111475139,0.3647768241594705,31,39
Chile,CHL,104.613573720419,288.158504434814,175.45039729253585,40,41,0.28,0.15,2.0237197383970464,2.4611359698535065,5.00081606571501,5.65172683862555,0.9705144552621106,1.1271950655081069,South America,0.270167918753882,0.31236205098714453,41,40
Finland,FIN,152.674521262385,252.859096867846,65.6197083685527,41,33,0.56,0.87,2.1866018688504627,2.4045927306664523,5.403544374267708,5.521949423507017,1.172441743445933,1.0558996584491809,Western Europe,0.39428686153518655,0.27409770974246833,33,41
Kazakhstan,KAZ,58.5320235189309,244.025455462484,316.9093101378245,42,52,0.68,0.72,1.774750644657752,2.3892112051507195,4.3852365560142825,5.486645916832985,0.7259467384576047,1.0372917509669863,Central Asia,0.15116083326647967,0.2645220966524579,52,42
Portugal,PRT,158.531059083234,240.56424498451503,51.745813328737626,43,30,0.46,0.68,2.2028452483669363,2.383032652817187,5.44370635360601,5.472464972080815,1.194717347197966,1.0299091048713551,Western Europe,0.40941155881768965,0.26077016572847866,30,43
Romania,ROU,103.718335742553,238.24138925976905,129.70035872068536,44,42,0.57,0.72,2.0200227314841706,2.378836315668258,4.991675165257817,5.462833585623588,0.9663529102713908,1.0249247122089176,Eastern Europe,0.2678559378830643,0.2582522043733141,42,44
Peru,PER,76.9178305989662,229.6426173103,198.55576466737537,45,49,0.25,0.35,1.8916368523406084,2.362939557740241,4.67423931268389,5.426347523234446,0.832188102577434,1.0062585932591437,South America,0.19864277138187733,0.24893118833259376,49,45
Greece,GRC,167.488456016048,224.962760462684,34.315382572473574,46,29,0.56,0.68,2.2265701505469706,2.354036871633365,5.502366500664167,5.405914176875566,1.2280058301774694,0.9959526108302514,Southern Europe,0.4325443244878335,0.24385825222017635,29,46
Czechia,CZE,118.281953160126,222.48087056708096,88.09367331455383,47,38,0.5,0.5,2.0765747417772675,2.349240354480426,5.1315007887758455,5.394905263933368,1.0319703815078578,0.9904434763194604,Other,0.305466948264459,0.24116789879945955,38,47
Algeria,DZA,92.6758032805324,222.24372941748092,139.8077184664293,48,45,0.5,0.63,1.9716274259057545,2.3487792690493525,4.8720171063705004,5.39384698576866,0.9134634371133624,0.9899154814286224,North Africa,0.23933824264583542,0.24091083924812753,45,48
New Zealand,NZL,102.929582187084,221.10083686578105,114.80786394713024,49,44,0.95,0.1,2.0167391813591102,2.346550194953274,4.983556542397025,5.388730839639505,0.9626714544329094,0.9873668711605942,Oceania,0.2658189564578786,0.23967195073360284,44,49
Iraq,IRQ,40.8414389117532,192.469260104189,371.25974312526216,50,58,0.62,0.62,1.6216066113441363,2.286611970762383,4.006585826620924,5.251161292614511,0.6063990419294238,0.9212214604290204,Middle East,0.10547432954724205,0.20863549717555804,58,50
Qatar,QAT,19.8153239145019,177.72460042445002,796.9048459227142,51,78,0.635,0.56,1.3183831734830045,2.252184334784733,3.256861704622947,5.172143364564077,0.4223850878263238,0.8852320544060416,Middle East,0.05117371131706295,0.1926523765395589,78,51
Hungary,HUN,79.5809662147964,158.015487624862,98.559398233949,52,47,0.55,0.74,1.906232470538567,2.2014394253421465,4.710327179491514,5.055674211530645,0.8464719924947283,0.8347053287126721,Eastern Europe,0.20552040476252295,0.17128781917800803,47,52
Uzbekistan,UZB,26.0425955922084,141.462755525291,443.1976049561464,53,69,0.66,0.68,1.432048373559315,2.153701340246197,3.5379004756692787,4.946106288370712,0.4842282499470972,0.7897768779067951,Central Asia,0.06725584070858168,0.15334475913123302,69,53
Morocco,MAR,45.3808758141028,134.53856255053302,196.4653284825391,54,56,0.47,0.62,1.6663389451997863,2.1320628754335487,4.117187137526866,4.896441924056017,0.6392112733612864,0.7702057380413954,North Africa,0.11719757134662802,0.1458389764257448,56,54
Ethiopia,ETH,13.8967796958913,121.005590210621,770.7455457928669,55,89,0.61,0.48,1.1730923951599177,2.086379730199376,2.897628256242333,4.791590476063046,0.3537244463834287,0.7304425691475412,Sub-Saharan Africa,0.03588888051806745,0.1311693174325518,89,55
Kuwait,KWT,55.7536699731933,116.887023750862,109.64902186181104,56,53,0.63,0.58,1.7539939504038808,2.0714660033686627,4.333915343891521,4.757360655739683,0.7085079360377787,0.7179042236491424,Middle East,0.14398564587616602,0.12670481665711764,53,56
Ecuador,ECU,47.52907417932511,108.801876280216,128.91646462481327,57,55,0.2,0.42,1.6860020060763472,2.0406097613452405,4.165804326077519,4.686539751461026,0.6541655457569073,0.6926304023572188,South America,0.12274536271597422,0.11794056640041278,55,57
Slovak Republic,SVK,41.5856445605088,107.345393746487,158.13088838936983,58,57,0.5,0.5,1.629263224951358,2.0348104522224557,4.02551690910796,4.673229241517678,0.6118989497685393,0.6879788144922084,Other,0.10739626457057393,0.11636174826920798,57,58
Dominican Republic,DOM,25.9231973843629,104.771210812017,304.16006273676686,59,70,0.14,0.56,1.4301266351926152,2.0243674759517294,3.5331489511174605,4.649260638267419,0.4831169474079643,0.6796797635691312,Central America & Caribbean,0.06694749099669084,0.11357134976056688,70,59
Kenya,KEN,32.9298421566672,104.575203135656,217.56970664520176,60,62,0.61,0.42,1.530581839290037,2.023561925717212,3.781525825356841,4.647411748308391,0.544506180530331,0.6790436879853647,Sub-Saharan Africa,0.08504237647149744,0.11335887864187671,62,60
Puerto Rico (US),PRI,80.79408661903551,99.0278341814814,22.568170921248985,61,46,0.5,0.5,1.912721907075316,2.0001208654940763,4.726372400613252,4.593610087011052,0.8528993372980416,0.660787773341131,Other,0.2086533272233028,0.1073455647280395,46,61
Sri Lanka,LKA,29.5313550773055,91.7513047166408,210.69114328299344,62,66,0.76,0.51,1.4847460800777754,1.9673200274757865,3.668196280075249,4.518325967584269,0.5156436535603024,0.6360474012488713,South Asia,0.07626567428563283,0.09945785142884667,66,62
Oman,OMN,39.0150098443554,91.4535859772428,134.40615891699971,63,59,0.65,0.55,1.6022229280736284,1.965923760708017,3.958659403045039,4.515121271593338,0.5926848820502416,0.6350146252333898,Middle East,0.1007575177383922,0.09913512614181041,59,63
Angola,AGO,23.3128749116258,89.5942208552482,284.31219313311215,64,73,0.53,0.3,1.385836315669059,1.957100494247147,3.423640526729055,4.494870208324646,0.4581481169304211,0.6285261577511698,Sub-Saharan Africa,0.06020624925667924,0.0971195857565653,73,64
Guatemala,GTM,30.509434394769,83.98997880222251,175.29182519562872,65,65,0.1,0.52,1.498440607508008,1.929367720920545,3.702056187562051,4.431218254737618,0.5241131634076103,0.6085511591641631,Central America & Caribbean,0.07879159558033529,0.09104462175248361,65,65
Ukraine,UKR,77.1563896396884,78.53513174604339,1.7869448179127725,66,48,0.6,0.75,1.8929644893522768,1.9005590047976344,4.677521913461476,4.365096809184302,0.8334776104919027,0.5884578307534465,Eastern Europe,0.19925885777716756,0.08513160100846201,48,66
Panama,PAN,17.1114779723054,77.3850135134823,352.2403829682536,67,82,0.09,0.48,1.2579538920051727,1.8942330375499343,3.107449474755397,4.350577519357006,0.3925109260871152,0.5841330640264467,Central America & Caribbean,0.04419094220923564,0.08388487990021251,82,67
Cote d'Ivoire,CIV,24.4684194391566,76.34666796511861,212.02124908379528,68,72,0.5,0.5,1.4060019936423775,1.8884416093665863,3.4735004429666785,4.337285097658398,0.4693652656774207,0.5802009051802501,Other,0.06319048016408298,0.08275931969592007,72,68
Costa Rica,CRI,24.5370804554851,76.264229553518,210.8121591396162,69,71,0.095,0.49,1.4071712447461548,1.88797847835548,3.476391432407858,4.336222124501099,0.4700233490436419,0.5798875728429922,Central America & Caribbean,0.06336779944705262,0.08266995696349544,71,69
Ghana,GHA,16.2488604038684,74.695964607757,359.69971278708243,70,83,0.46,0.48,1.2367604074289815,1.8790727276467405,3.05504829255114,4.31578174430203,0.3824894343489021,0.573894322324662,Sub-Saharan Africa,0.041963204594918084,0.08096996738342055,83,70
Tanzania,TZA,15.0267234098503,74.4632252684644,395.5386695921504,71,86,0.605,0.4,1.2048447419127857,1.877735362836396,2.976136370452065,4.312712239430142,0.3678240614416064,0.5729995484779389,Sub-Saharan Africa,0.038806996501039075,0.08071767936745718,86,71
Luxembourg,LUX,30.6044174136204,70.42102400027251,130.1008480198413,72,64,0.508,0.77,1.4997477890829598,1.8538260726066893,3.70528821199092,4.257835901817695,0.5249283729652507,0.5572300465986,Western Europe,0.07903689228139843,0.07633595799118982,64,72
Croatia,HRV,33.7468175376736,68.7075094939887,103.59700412427446,73,61,0.54,0.72,1.5409150336996646,1.843279566564659,3.8070747907034463,4.233629678185215,0.5512192817281059,0.5504089173765249,Eastern Europe,0.08715224166881436,0.07447851877859801,61,73
Bulgaria,BGR,33.8091620700929,65.0231387138977,92.32401731546088,74,60,0.57,0.71,1.5416935690264642,1.81969616667294,3.8089997300104015,4.179501320460093,0.5517282134385864,0.5354480272848563,Eastern Europe,0.08731324842893538,0.070484683456182,60,74
Uruguay,URY,31.3295399811782,64.2049785319491,104.93431620930733,75,63,0.33,0.15,1.5095995250551923,1.814280756259668,3.729646764726941,4.167071930574674,0.5311106354364585,0.5320686991244269,South America,0.08090954463377976,0.06959780283827091,63,75
Myanmar,MMR,9.001043827200661,63.1372262348764,601.4433819784231,76,104,0.79,0.56,1.0000453304735129,1.8071101739127295,2.469767007944772,4.150614089544348,0.2846783417097648,0.5276259017232888,Southeast Asia,0.023245485178685087,0.06844036589878502,104,76
Belarus,BLR,19.2190475898169,62.0300201727382,222.7528309238614,77,79,0.58,0.78,1.3057606944682003,1.79954744612145,3.225652451593021,4.133256200641831,0.4159814076957523,0.5229790831752483,Eastern Europe,0.049633808530901685,0.06724016132001256,79,77
"Congo, Dem. Rep.",COD,20.1818164098988,60.658948871079694,200.562385659834,78,77,0.5,0.5,1.325963199537823,1.7899961168325764,3.27560342333294,4.111334095649661,0.4262732839651196,0.5171669919498469,Other,0.052120189973694206,0.06575392844038383,77,78
Azerbaijan,AZE,8.609404140357189,59.9022813515774,595.7773194869692,79,105,0.5,0.5,0.9826964587842724,1.7846335612674276,2.426871683999437,4.09902601762512,0.2784162223955506,0.5139312658256748,Other,0.02223406309134968,0.06493370549131394,105,79
Turkmenistan,TKM,8.30672973344765,59.3490322997884,614.4692821871308,80,108,0.64,0.68,0.9687971022252472,1.7806703105521495,2.3925053336735616,4.089929608563837,0.2734783994154012,0.5115524620390736,Central Asia,0.02145239670077827,0.06433398691329571,108,80
Serbia,SRB,22.9801314891339,56.488865191583606,145.81610953050563,81,74,0.55,0.72,1.3798515601159875,1.7595837359220667,3.4088431362830898,4.0415319364718085,0.4548668045103959,0.499073813908772,Eastern Europe,0.059346928666275445,0.061233583314807015,74,81
Libya,LBY,53.1866462930975,55.429536117606496,4.217016828150855,82,54,0.54,0.6,1.733892272594356,1.7515064801408229,4.284213668939421,4.022993108636472,0.692005095660282,0.4943721306643956,North Africa,0.13735622466074257,0.06008527709748121,54,82
Slovenia,SVN,26.4229986042834,55.3819908414822,109.5976753845958,83,67,0.535,0.74,1.4381149415582155,1.7511404066935334,3.552900148513169,4.022152900922592,0.4877519788964324,0.4941600586924915,Eastern Europe,0.06823824372192935,0.06003373830984742,67,83
Lithuania,LTU,17.8700490925502,55.1448668552473,208.5882225037451,84,80,0.56,0.81,1.2757730300322296,1.749310056263612,3.151507538691122,4.01795190092734,0.4011168092563584,0.4931010240033626,Eastern Europe,0.04614997652471603,0.05977669736349793,80,84
Uganda,UGA,9.11823374501833,49.3569971790834,441.29997715894456,85,103,0.595,0.43,1.005104707984099,1.702059824941864,2.4822763884489185,3.909503694336213,0.2865255466138584,0.4665065255741707,Sub-Saharan Africa,0.0235481319105552,0.053502682142469345,103,85
Tunisia,TUN,21.2778928263706,48.948478709793406,130.04382581121692,86,75,0.52,0.65,1.3478741103276493,1.698522265374747,3.329778451721088,3.901384326874269,0.4376957177986273,0.4645719213183428,North Africa,0.05495084257165244,0.05305985062797411,75,86
Jordan,JOR,15.6975377885039,46.4059884814729,195.62590711174045,87,85,0.595,0.61,1.2226524349976884,1.675833206656852,3.0201661366108485,3.849308651086753,0.3759445192268115,0.4523456019444632,Middle East,0.040539396208895025,0.050303806818367845,85,87
Paraguay,PRY,20.3581068342346,46.0153837013638,126.02977809303664,88,76,0.31,0.22,1.3295627545417543,1.6722399848177265,3.28450337260448,3.841061528195783,0.4281310083423542,0.4504378553908205,South America,0.05257546566446,0.04988039363304622,76,88
"Macao SAR, China",MAC,13.978304703506,44.0217514466446,214.9291160866109,89,88,0.5,0.5,1.175462661188743,1.653422386018067,2.903488771609805,3.797871584250786,0.3547604856320075,0.4405721260074987,Other,0.03609942147227021,0.047719308499641504,88,89
Cameroon,CMR,13.8683538880552,43.1437964346279,211.095294963504,90,90,0.52,0.43,1.1722628893755669,1.6448696804275702,2.8955772917778075,3.778241509289346,0.3533624902165458,0.4361566889493218,Sub-Saharan Africa,0.03581546995508925,0.0467676106527712,90,90
Bahrain,BHR,13.1144941693527,41.17270912262581,213.9481293822405,91,91,0.632,0.56,1.1496653186575572,1.6250315004508629,2.8397044872698456,3.732709138752238,0.3436242154968265,0.4260769891765172,Middle East,0.03386860298562171,0.04463096409896112,91,91
Bolivia,BOL,14.6373048379041,40.0476888304291,173.60015572486694,92,87,0.27,0.3,1.19416190250322,1.6132887094104398,2.949722903032538,3.7057572150666895,0.3630266833856889,0.4202155187768919,South America,0.037801310514362196,0.04341144900409355,87,92
Cambodia,KHM,5.2189044164197504,38.5153242910221,637.9963535995207,93,118,0.815,0.53,0.793713881827115,1.5967655504211,1.959609662364395,3.667833443912808,0.2167692428185583,0.412097649681156,Southeast Asia,0.013477988507760542,0.04175037524426141,118,93
Nepal,NPL,10.6275604892414,34.9826908984415,229.1695298639376,94,97,0.77,0.58,1.065488607489116,1.556093638126988,2.6315764107642985,3.574483722153924,0.3093319518500459,0.3927443667504499,South Asia,0.027446016771042754,0.03792102231901477,97,94
Latvia,LVA,11.5845070297279,31.57090630778,172.52697267793485,95,94,0.565,0.83,1.0998362076903254,1.5128298432744691,2.7165013248317345,3.475185140309256,0.3229585361288849,0.3731014036164529,Eastern Europe,0.02991736198952183,0.03422266875365456,94,95
Cyprus,CYP,12.661847363651,31.017134702053298,144.96531833968987,96,93,0.59,0.65,1.1355094288911585,1.5053824631620705,2.8047038550592385,3.458091996119285,0.3376420481896643,0.3698147221570586,Southern Europe,0.03269962805170115,0.03362238373037368,93,96
Sudan,SDN,26.2412557794056,29.3388882945863,11.804437033123062,97,68,0.59,0.52,1.435227124000498,1.4819996629249272,3.545759979869802,3.4044240524952807,0.4860716552384439,0.3596708033711875,North Africa,0.0677688870314017,0.031803174920533445,68,97
El Salvador,SLV,15.9802636281804,29.062047321266498,81.86212691771256,98,84,0.095,0.51,1.2299444286273236,1.4780185540969104,3.0381956911866954,3.395286655691811,0.3793149491537451,0.3579698592549586,Central America & Caribbean,0.04126954478299383,0.03150308100384319,84,98
Zambia,ZMB,6.7477752565929805,28.6958241191189,325.2634835619542,99,109,0.57,0.3,0.8891770144429,1.4726953823296376,2.195643571182233,3.383068970923112,0.2464837506624776,0.3557072434903638,Sub-Saharan Africa,0.017426346624623907,0.031106097299453572,109,99
Senegal,SEN,8.50167212284215,28.1923094784811,231.60899492623892,100,107,0.42,0.52,0.9778000400068652,1.4652684544975951,2.414765221205135,3.3660227685800552,0.2766687864187653,0.3525727030772036,Sub-Saharan Africa,0.021955841691199632,0.030560290518008203,107,100
Honduras,HND,10.0127951871499,27.8585566497637,178.2295665601597,101,99,0.1,0.51,1.0418975624128128,1.460274606219763,2.5732472272367826,3.3545609434297976,0.300251824792057,0.3504795351267348,Central America & Caribbean,0.02585836560607979,0.030198504499214813,99,101
Estonia,EST,10.3020249466889,27.502872345332403,166.96569351806804,102,98,0.57,0.85,1.0531562615707428,1.4548886277583697,2.6010845158070817,3.3421991054337226,0.3045574922240248,0.3482349728662086,Eastern Europe,0.026605310762405,0.029812944895294707,98,102
Guyana,GUY,2.51227398461924,27.3695345842722,989.4327112343332,103,144,0.26,0.46,0.5455883868943923,1.4528522110464563,1.3461159623195331,3.337525144394773,0.1503978021568432,0.3473898013852494,South America,0.006488028365975067,0.0296684075803177,144,103
Papua New Guinea,PNG,11.1341941810049,27.2031043104168,144.32036901984068,104,96,0.88,0.4,1.0840109405885918,1.4502969136627717,2.677373134191457,3.3316602541960227,0.316619300253641,0.3463319766557321,Oceania,0.02875441457456435,0.029487998184489564,96,104
Georgia,GEO,4.79503418899656,25.1291672282708,424.0664870739846,105,122,0.5,0.5,0.7630560025168276,1.4171255683982005,1.883807633964626,3.255525750649115,0.2077800484513751,0.3328682757712008,Other,0.012383330012767303,0.027239863110815325,122,105
Zimbabwe,ZWE,17.7853517335806,23.634169920603803,32.88559188840794,106,81,0.58,0.25,1.273819331128073,1.3915379327576711,3.146676991270714,3.1967972932744444,0.4001651083026019,0.3228148724722213,Sub-Saharan Africa,0.045931242871108884,0.025619295200945566,81,106
Iceland,ISL,9.144238786112853,23.448996816296003,156.43465098382455,107,102,0.45,0.88,1.0062194635532935,1.388261043987854,2.485032636931068,3.189276214533784,0.2869338386020521,0.3215477625993729,Western Europe,0.02361529076556567,0.025418568691892195,102,107
Mali,MLI,5.40747711557776,22.228532291152305,311.0702979605176,108,116,0.47,0.52,0.8066870637683302,1.3660217695078984,1.9916860332050024,3.138232878537905,0.2206507125504503,0.3130680528778345,Sub-Saharan Africa,0.013964983568281806,0.024095592634049777,116,108
Bosnia and Herzegovina,BIH,3.76359529841927,21.1942952959242,463.1395943348616,109,131,0.535,0.72,0.6779348579473606,1.3462413600417091,1.6733444328810965,3.092833102235454,0.184081204686317,0.3056981768621015,Eastern Europe,0.009719605904327931,0.022974486076150796,131,109
Lao PDR,LAO,3.6932844789893298,21.1682862290226,473.1561256503944,110,132,0.5,0.5,0.671476879358637,1.3457321202661712,1.657376991968663,3.091664300753703,0.1823536118016891,0.3055105470067458,Other,0.009538025951787227,0.022946292407192176,132,110
Mozambique,MOZ,3.38500895352437,20.903378790765498,517.5280206866669,111,134,0.61,0.28,0.6419704844665423,1.340511113789897,1.5844220246355227,3.079681104627169,0.1745773512938179,0.3035928949277555,Sub-Saharan Africa,0.008741894492401177,0.022659134369298985,134,111
Malta,MLT,4.65611454997684,19.2219008773265,312.8313569394918,112,124,0.525,0.67,0.7525181963898114,1.3058219772555597,1.8577527633316369,3.000062983400912,0.20474807029462,0.2911263563147473,Southern Europe,0.012024565577013466,0.020836422626810035,124,112
Benin,BEN,4.86351313603406,19.1599727108241,293.9533455531705,113,121,0.47,0.47,0.7681579024393594,1.3044899398991558,1.896422151717352,2.9970057060421893,0.2092584652480306,0.2906570097555175,Other,0.012560179095937162,0.020769292874243808,121,113
Chad,TCD,3.9564432591638097,18.6221403468315,370.67881748839415,114,129,0.54,0.48,0.6951701387856827,1.29274637766779,1.7159589018847008,2.970052012327747,0.1887384829913993,0.286548510880188,Sub-Saharan Africa,0.010217641965398974,0.020186285891217223,129,114
Burkina Faso,BFA,3.68563677912882,17.9891912179315,388.0890954800933,115,133,0.48,0.5,0.6707686199557937,1.2785064677875986,1.6556258108505773,2.937368729191835,0.182164713763704,0.2816366548147025,Sub-Saharan Africa,0.009518275520929279,0.01950017291856173,133,115
Botswana,BWA,6.59358768950958,17.4899777818862,165.2573774018781,116,110,0.56,0.22,0.8804470124729813,1.266936389298166,2.1740585212002617,2.9108132134367195,0.2436513838381215,0.2777013474800588,Sub-Saharan Africa,0.017028152273592802,0.018959028616507223,110,116
Gabon,GAB,9.56409141341355,16.8047822974574,75.7070438901164,117,101,0.52,0.41,1.023832150597108,1.2505366678394796,2.528580247970279,2.8731727547334,0.2934471178695725,0.2722073223475789,Other,0.024699573679027007,0.01821628091498406,101,117
Armenia,ARM,3.08384904196219,16.3151276524443,429.0507878447681,118,138,0.5,0.5,0.6110696801693999,1.238425697649719,1.508019360863482,2.845375790349997,0.1666305180396177,0.2682122418709026,Other,0.00796413933477409,0.017685498283766338,138,118
Mongolia,MNG,3.33578205886711,16.2684428093106,387.6950149086073,119,135,0.82,0.72,0.6370674439615588,1.2372531766054045,1.572299189528684,2.8426846330606206,0.1733032963754375,0.2678282296553146,East Asia,0.008614764453694997,0.017634892200215697,135,119
Tajikistan,TJK,2.69413978048735,15.8476079439846,488.2251566441696,120,141,0.7,0.67,0.5675133244409338,1.2265382476124704,1.4003256720566457,2.818091846940225,0.1557464123690062,0.264341419297137,Central Asia,0.006957702633040235,0.017178709787977142,141,120
Nicaragua,NIC,5.7329439368544906,15.8412224249421,176.31915817466978,121,114,0.1,0.5,0.8282049982469293,1.2263736116968218,2.0448894222568934,2.8177139764136023,0.2271939888641868,0.2642881580339814,Central America & Caribbean,0.014805512102014645,0.017171787924509515,114,121
Niger,NER,4.10461343171867,15.8144029337187,285.283613104997,122,128,0.49,0.5,0.7079628588953721,1.225681450467481,1.7475890783639847,2.816125335640973,0.1922401603974705,0.2640643408200086,Sub-Saharan Africa,0.01060029620152643,0.01714271576055793,128,122
Albania,ALB,4.969648100727589,15.5439667220707,212.7780158074967,123,120,0.545,0.7,0.7759487310595934,1.2186396478381958,1.9156850826706529,2.799963068389528,0.2115294342989754,0.2617967718575379,Eastern Europe,0.012834276055810646,0.016849564566227406,120,123
Guinea,GIN,4.27176534897459,15.4790079584173,262.35623199979693,124,127,0.44,0.49,0.7219560711774794,1.2169310634804402,1.7821874882564903,2.7960415445318665,0.1961153934032424,0.26124917035685,Sub-Saharan Africa,0.011031971403842347,0.016779149664941873,127,124
Rwanda,RWA,1.73280655296688,15.2609426933545,780.7066586414386,125,148,0.59,0.42,0.4366088904001376,1.2111457192810828,1.0766626578478808,2.782763086725801,0.1249059221444721,0.2594024293067916,Sub-Saharan Africa,0.004475028654209666,0.016542768255419806,148,125
Jamaica,JAM,13.0733662248801,15.0828351983407,15.37070819324522,126,92,0.125,0.56,1.1483979892638585,1.2063626117293411,2.8365709979074296,2.771784951351464,0.3430849779538023,0.2578842691100065,Central America & Caribbean,0.033762388746248886,0.01634970082349441,92,126
Mauritius,MUS,5.12148722829028,14.6463378549178,185.9782169135122,127,119,0.65,0.23,0.7868569477293292,1.1944127038303884,1.9426557984667936,2.744357655350607,0.214736582047898,0.2541252870371126,Other,0.013226405486248127,0.015876540381086362,119,127
Madagascar,MDG,6.38683768607253,14.4923697879345,126.90994354745096,128,111,0.63,0.25,0.8684585562001521,1.1901178546284503,2.144416898123043,2.7345001651225083,0.2398009662892132,0.252786025518154,Sub-Saharan Africa,0.016494213740145654,0.015709639941053337,111,128
Brunei Darussalam,BRN,11.4365373765575,13.6992612914929,19.785043675662784,129,95,0.5,0.5,1.0946994794238596,1.1672955099121536,2.703800693519448,2.682118572790543,0.3208893222689116,0.2457717335519857,Other,0.029535225601153913,0.014849915196542558,95,129
"Bahamas, The",BHS,8.51219374687652,13.6309359770689,60.134230756562125,130,106,0.5,0.5,0.9782806875255244,1.1652721099034284,2.415953628807988,2.677474487544304,0.2768399353884353,0.2451580719416874,Other,0.021983014123668803,0.014775850974875103,106,130
Haiti,HTI,9.84745516782772,13.5958083273781,38.06418100583482,131,100,0.135,0.56,1.0353278638802752,1.164228151561027,2.557003557226176,2.675078405941691,0.2977624953332576,0.2448419754414331,Central America & Caribbean,0.025431369688452696,0.014737772818114477,100,131
Namibia,NAM,4.71897106742416,12.2246106159761,159.0524595576484,132,123,0.54,0.2,0.7573178994335724,1.1213828935750882,1.8696200951438384,2.5767404452686686,0.2061254641008265,0.2321672063125499,Sub-Saharan Africa,0.012186894554936004,0.013251402911099299,123,132
North Macedonia,MKD,5.74792813567601,12.0087543994556,108.9231826842118,133,113,0.55,0.71,0.8291704487769652,1.1142357144446873,2.047276511975516,2.560336319041232,0.2274907036386343,0.2301083294821708,Eastern Europe,0.014844209277398625,0.013017416096644823,113,133
Malawi,MWI,3.91063417556103,11.964445581275,205.94642823011048,134,130,0.595,0.32,0.6911375819725999,1.1127539490929288,1.705988349682598,2.556935387649112,0.1876426617274378,0.2296834206991351,Sub-Saharan Africa,0.01009933853366591,0.012969385609566694,130,134
West Bank and Gaza,PSE,5.4177,10.9596,102.29248574118168,135,115,0.5,0.5,0.807379411826214,1.077716654510435,1.9933978733037605,2.476518177934256,0.2208591851515727,0.2198268364753725,Other,0.013991384496094475,0.011880139164079841,115,135
"Congo, Rep.",COG,5.75336641151292,10.6367181900486,84.87816400435966,136,112,0.5,0.5,0.8295203134964577,1.0658305170052231,2.0481415573080595,2.449237247033449,0.2275982958595705,0.2165644589532017,Other,0.014858253799655313,0.011530137262936313,112,136
Kyrgyz Republic,KGZ,2.67834633721658,10.0505584584137,275.2523831125795,137,142,0.5,0.5,0.5656526181213973,1.0433842263721589,1.3957250500811456,2.3977187698602247,0.1552892371998314,0.2105127744954934,Other,0.0069169155578388385,0.010894743709868475,142,137
Sierra Leone,SLE,3.15671556294881,9.80085262571568,210.4762665585341,138,137,0.43,0.48,0.6187503074823657,1.0334580403043183,1.5270098175683628,2.3749362977487776,0.1685876336715852,0.207881234677195,Sub-Saharan Africa,0.008152319468782346,0.010624064119141173,137,138
Equatorial Guinea,GNQ,0.3526383115536159,9.54195285062711,2605.875265959674,139,169,0.515,0.42,0.1311816840361637,1.0229210694810764,0.3214896879061749,2.350751959244647,0.0563472513634549,0.2051171583742865,Other,0.0009106997812725318,0.010343418351266327,169,139
Moldova,MDA,4.46511530368557,9.25251044957983,107.21772720947828,140,125,0.58,0.74,0.7375993291816283,1.010830220602053,1.8208656588988252,2.323001177070361,0.2005045942702684,0.2019822242097606,Eastern Europe,0.011531303880477038,0.01002966456422783,125,140
Somalia,SOM,1.5377741397946898,8.87893066320603,477.38847555281865,141,149,0.625,0.47,0.4044529675594411,0.9947099372796632,0.9971566962084092,2.2860020816765285,0.1176668875149383,0.1978625903635708,Other,0.003971351174487041,0.009624706367668835,149,141
Togo,TGO,2.82447566782161,8.78710046710828,211.10554667604453,142,140,0.465,0.47,0.5825719021874723,0.9906540464865043,1.4375582127177415,2.276693046136525,0.1594692339679904,0.1968367356855129,Other,0.007294299253992537,0.009525162998466856,140,142
Mauritania,MRT,3.27993516147394,8.613716581002091,162.6185017977993,143,136,0.45,0.55,0.6314371897544389,0.9828913146803762,1.5583783085379752,2.258876110238583,0.1718464711804687,0.1948851048890338,Other,0.008470538045008327,0.009337215929618496,136,143
Bermuda,BMU,5.34835901558225,7.6051539593341,42.19602568146155,144,117,0.5,0.5,0.8026614792166189,0.9347586449240192,1.9817327200150685,2.1484025407448115,0.2194412483704506,0.183120667765187,Other,0.013812309173664947,0.008243940235149268,117,144
Maldives,MDV,1.43216902677587,6.312995521440699,340.79961257454727,145,150,0.74,0.48,0.3859937535140293,0.8640953074575872,0.9515160355108444,1.9862168327469985,0.1135547035166563,0.1668403525155714,South Asia,0.0036986225736047804,0.006843248415720309,150,145
Barbados,BRB,4.28376624184305,5.78340990654532,35.007597988284765,146,126,0.165,0.51,0.7229435958230174,0.8314480613185881,1.7846291565293972,1.911285235697145,0.196390678789641,0.159689126556756,Central America & Caribbean,0.011062964095652352,0.006269180858122231,126,146
Fiji,FJI,2.99950556198954,5.50466227888559,83.51898888410147,147,139,0.92,0.3,0.6020063050849326,0.8132247529769443,1.4856100412690894,1.8694593006165108,0.164336042791435,0.1557932717532286,Oceania,0.0077463195850581605,0.005967020139824601,139,147
Eswatini,SWZ,2.07061152106662,4.76320025214567,130.03833426426775,148,146,0.575,0.2,0.4872248750789826,0.7606637101402497,1.2018113763641234,1.7488217783706603,0.1365391837448684,0.1449214859187654,Other,0.0053474208489370225,0.005163279851625128,146,148
Suriname,SUR,2.6568052725068,4.65338737222498,75.14973417055614,149,143,0.27,0.46,0.5631018344623502,0.7523087445006112,1.389418202389307,1.729645553950099,0.1546635062176118,0.1432412036335112,South America,0.00686128506541405,0.005044243363480836,143,149
Liberia,LBR,0.468741927114726,3.76076357417169,702.3100466648104,150,165,0.44,0.47,0.1669454925389346,0.6776766143705103,0.4099161964840617,1.558350717072554,0.0649643189280931,0.1287719801712865,Sub-Saharan Africa,0.001210541102627023,0.00407664464253823,165,150
Burundi,BDI,2.1008944579711497,3.5905915666740698,70.90775564906444,151,145,0.588,0.41,0.4914869848439784,0.6618686545106582,1.2123495013981251,1.522068463024066,0.1375340103900652,0.1258248326454403,Sub-Saharan Africa,0.005425627507464117,0.0038921792303970412,145,151
Andorra,AND,1.76521787135903,3.3622854669815103,90.4742480537492,152,147,0.5,0.5,0.4417293550263693,0.6397140823060107,1.089323077085926,1.4712195347505277,0.1260686629941504,0.1217588814875188,Other,0.004558731926382344,0.003644696818962692,147,152
Belize,BLZ,1.0139522684396,2.76208593495625,172.40788555134876,153,153,0.105,0.53,0.3040491733680748,0.5754287116426025,0.7489069336690711,1.323672465382348,0.0955469316213265,0.1103575248511152,Central America & Caribbean,0.002618564344357503,0.0029940842084043066,153,153
Cabo Verde,CPV,0.521911297414696,2.34906234291628,350.0884258594198,154,161,0.5,0.5,0.1823893408932015,0.5249232320225548,0.4481013240234947,1.207752849020642,0.0685498230497773,0.1017725437520531,Other,0.001347852711479877,0.0025463691684865187,161,154
Lesotho,LSO,1.25235169556175,2.31447055210872,84.80995077589209,155,152,0.565,0.18,0.3526362047922463,0.5204141648187778,0.8690390373478692,1.1974036880119123,0.1061869491312929,0.101020424213541,Other,0.003234238532392029,0.0025088718794678915,152,155
St. Lucia,LCA,1.30756518352965,2.13085644255709,62.963687730277606,156,151,0.5,0.5,0.3631539777141592,0.495663154606812,0.895044375605615,1.1405954440368,0.108502479607315,0.0969305002610643,Other,0.00337682914086599,0.002309835311165949,151,156
"Gambia, The",GMB,0.7707485837703151,2.07643838225331,169.40541001008103,157,156,0.5,0.5,0.2481569031255261,0.4880482210605297,0.6107125265030285,1.1231177330647306,0.083303712562936,0.0956847843049188,Other,0.0019904830066911714,0.0022508464676453646,156,157
Seychelles,SYC,0.707015676972428,2.0128268953276,184.69338953655136,158,158,0.66,0.4,0.2322375096275365,0.4789741796110621,0.5713516070529743,1.102291093825075,0.0797852317793973,0.094207737005849,Other,0.0018258907250840335,0.002181892006067252,158,158
Antigua and Barbuda,ATG,0.92188314737367,1.73187461511616,87.86270473107732,159,154,0.5,0.5,0.2837269785491962,0.4364607626475683,0.6986600273773707,1.0047147709843098,0.0911057792491852,0.0873859438697708,Other,0.0023807928780432185,0.0018773414579288657,154,159
Timor-Leste,TLS,0.741509953372435,1.73095621551256,133.43667979641535,160,157,0.5,0.5,0.2409259609546753,0.4363147373005825,0.5928339224990005,1.00437961522836,0.0817083577361291,0.0873627707549244,Other,0.0019149733033048753,0.001876345918392842,157,160
Guinea-Bissau,GNB,0.6477581744331451,1.73072564051329,167.18700107919946,161,159,0.43,0.5,0.2168934748273987,0.4362780682112628,0.5334132698994059,1.0042954527414722,0.0763685316300395,0.0873569519070861,Other,0.001672856318914367,0.0018760959765081852,159,161
Solomon Islands,SLB,0.884883597380402,1.58909083680634,79.58190676272723,162,155,0.9,0.38,0.2752845351379331,0.4131472876815695,0.6777859698880363,0.9512059419533292,0.0892588036473552,0.0837062179452333,Oceania,0.0022852403501922333,0.00172256471820353,155,162
Comoros,COM,0.470337651351836,1.32342667233943,181.3779990897308,163,164,0.625,0.35,0.1674170784762385,0.3661289706384809,0.4110821992023401,0.8432900224410147,0.0650748030304153,0.076389435333679,Other,0.0012146621117916398,0.0014345863937413339,164,163
Grenada,GRD,0.522070746474282,1.19368330923905,128.64397541911546,164,160,0.5,0.5,0.1824348390898319,0.3411739309063175,0.4482138189406482,0.7860134921752718,0.0685602935743475,0.0725484133656868,Other,0.0013482644938045182,0.0012939453841015428,160,164
St. Kitts and Nevis,KNA,0.497050234845487,1.03648931051656,108.52807983055536,165,163,0.5,0.5,0.1752363737232464,0.3088821348267028,0.4304155142819967,0.7118977201572684,0.066897229296802,0.0676029693331616,Other,0.0012836482178040984,0.0011235480538539634,163,165
Samoa,WSM,0.452035062253032,0.954498941243412,111.1559524798808,166,167,0.93,0.35,0.1619771033882941,0.2910354395100063,0.3976317859517396,0.6709361831121962,0.0637960882774131,0.0648740608264393,Other,0.0011673950867892597,0.0010346709965636158,167,166
St. Vincent and the Grenadines,VCT,0.50461187006482,0.953394361910327,88.93617421006338,167,162,0.5,0.5,0.1774244836983199,0.2907899298787319,0.4358256463003808,0.6703726921309298,0.0674041630233371,0.064836512701874,Other,0.0013031763839581672,0.0010334736393430223,162,167
Vanuatu,VUT,0.458581110205678,0.8832600504599071,92.60715951944827,168,166,0.91,0.32,0.1639305848018041,0.2749102938253877,0.4024617956235312,0.6339259276785335,0.0642563525869774,0.0624061875747846,Other,0.0011843004661634116,0.0009574484759969232,166,168
Dominica,DMA,0.419745715095683,0.607279298404095,44.67790296934013,169,168,0.5,0.5,0.1522105666225448,0.2060913510732891,0.373483889425958,0.4759734539617032,0.061475366259957,0.0517460967897187,Other,0.0010840068092533414,0.0006582870338794682,168,169
"Micronesia, Fed. Sts.",FSM,0.3127390722326449,0.332441472232801,6.299948343358741,170,170,0.5,0.5,0.1181784117324215,0.1246481416426427,0.2893389182302225,0.2890459034564873,0.0530638871758913,0.0382860847750547,Other,0.0008076587124718604,0.0003603645164091081,170,170
Sao Tome and Principe,STP,0.127790287890706,0.321609563685837,151.66980135524616,171,172,0.505,0.42,0.0522283502863514,0.121103172713109,0.1262764839337955,0.2809095301081467,0.033920083559352,0.0376571835841538,Other,0.00033002252851680114,0.0003486227939967464,172,171
Kiribati,KIR,0.127250840738682,0.274669108240318,115.84856072139372,172,173,0.96,0.42,0.0520205678890399,0.1053974607575289,0.1257627390976778,0.2448619543148928,0.0338484136214767,0.0348007230186041,Other,0.000328629388896798,0.0002977396282682477,173,172
Marshall Islands,MHL,0.1829863,0.218285536079407,19.290644206373383,173,171,0.92,0.48,0.0729797151529903,0.0857490881412525,0.1775845190733007,0.199765227525142,0.0405898341735279,0.03102386043538,Other,0.00047256800502384634,0.0002366201819527288,171,173
Nauru,NRU,0.100527536011412,0.10225474884212,1.71814897612923,174,174,0.94,0.42,0.041600913393865,0.0422819785725134,0.1,0.1,0.0300850341016525,0.0212336718480702,Other,0.00025961559495369784,0.00011084352042341123,174,174
